player_id,player_name,age,team_id,position
00-0000865,Charlie Batch,38,26,QB
00-0004541,Donald Driver,37,11,WR
00-0006101,Tony Gonzalez,37,1,TE
00-0007091,Matt Hasselbeck,40,13,QB
00-0010346,Peyton Manning,39,9,QB
00-0011754,Randy Moss,35,27,WR
00-0015754,Brandon Stokley,37,2,WR
00-0019596,Tom Brady,45,29,QB
00-0019642,Plaxico Burress,35,26,WR
00-0020245,Michael Vick,35,26,QB
00-0020337,Steve Smith,37,2,WR
00-0020494,Santana Moss,35,31,WR
00-0020498,Reggie Wayne,36,13,WR
00-0020516,Todd Heap,32,0,TE
00-0020531,Drew Brees,41,22,QB
00-0020608,David Carr,33,23,QB
00-0020679,Shaun Hill,36,20,QB
00-0021163,Jabar Gaffney,32,19,WR
00-0021192,Deion Branch,33,21,WR
00-0021206,Josh McCown,40,25,QB
00-0021429,Carson Palmer,38,0,QB
00-0021547,Antonio Gates,38,17,TE
00-0021678,Tony Romo,36,8,QB
00-0021931,Kevin Walter,31,12,WR
00-0021999,Nate Burleson,32,10,WR
00-0022044,Andre Johnson,35,30,WR
00-0022054,Visanthe Shiancoe,33,30,TE
00-0022055,Seneca Wallace,33,11,QB
00-0022084,Anquan Boldin,36,10,WR
00-0022097,Brandon Lloyd,33,27,WR
00-0022127,Jason Witten,38,16,TE
00-0022165,Dallas Clark,34,2,TE
00-0022177,Byron Leftwich,32,26,QB
00-0022178,Willis McGahee,32,7,RB
00-0022217,Mewelde Moore,30,13,RB
00-0022427,Wes Welker,33,9,WR
00-0022736,Steven Jackson,32,21,RB
00-0022738,Chris Cooley,30,31,TE
00-0022781,Michael Jenkins,30,20,WR
00-0022787,Matt Schaub,38,1,QB
00-0022803,Eli Manning,38,23,QB
00-0022811,Jerricho Cotchery,33,4,WR
00-0022821,Michael Turner,30,1,RB
00-0022921,Larry Fitzgerald,37,0,WR
00-0022922,Kellen Winslow,30,24,TE
00-0022924,Ben Roethlisberger,39,26,QB
00-0022929,Devery Henderson,30,22,WR
00-0022942,Philip Rivers,39,13,QB
00-0022943,Benjamin Watson,39,21,TE
00-0022984,Ryan Grant,30,11,RB
00-0023176,Joshua Cribbs,31,13,WR
00-0023310,Lance Moore,32,10,WR
00-0023367,Nate Washington,32,12,WR
00-0023436,Alex Smith,36,31,QB
00-0023438,Braylon Edwards,29,28,WR
00-0023439,Cedric Benson,30,11,RB
00-0023459,Aaron Rodgers,40,24,QB
00-0023460,Jason Campbell,33,6,QB
00-0023462,Roddy White,34,1,WR
00-0023465,Heath Miller,33,26,TE
00-0023496,Vincent Jackson,33,29,WR
00-0023500,Frank Gore,37,24,RB
00-0023541,Kyle Orton,32,3,QB
00-0023545,Brandon Jacobs,31,23,RB
00-0023564,Darren Sproles,36,25,RB
00-0023578,Dan Orlovsky,32,10,QB
00-0023630,Joel Dreessen,31,9,TE
00-0023645,Derek Anderson,35,3,QB
00-0023662,Matt Cassel,36,10,QB
00-0023682,Ryan Fitzpatrick,39,31,QB
00-0023921,Miles Austin,31,25,WR
00-0024204,Fred Jackson,34,28,RB
00-0024217,Reggie Bush,31,3,RB
00-0024221,Vernon Davis,35,31,TE
00-0024226,Jay Cutler,34,19,QB
00-0024240,Santonio Holmes,30,5,WR
00-0024242,DeAngelo Williams,33,26,RB
00-0024243,Marcedes Lewis,39,5,TE
00-0024264,Kellen Clemens,34,17,QB
00-0024267,Greg Jennings,32,19,WR
00-0024268,Anthony Fasano,33,19,TE
00-0024272,Devin Hester,32,1,WR
00-0024275,Maurice Jones-Drew,28,14,RB
00-0024276,Tony Scheffler,30,10,TE
00-0024279,Tarvaris Jackson,32,28,QB
00-0024296,Charlie Whitehurst,34,7,QB
00-0024301,David Thomas,29,22,TE
00-0024313,Owen Daniels,33,9,TE
00-0024318,Brad Smith,31,25,WR
00-0024324,Jason Avant,32,15,WR
00-0024332,Leon Washington,32,30,RB
00-0024334,Brandon Marshall,34,28,WR
00-0024345,Domenik Hixon,29,4,WR
00-0024369,Jeff King,29,0,TE
00-0024389,Delanie Walker,35,30,TE
00-0024408,Bruce Gradkowski,29,6,QB
00-0024447,Devin Aromashodu,28,20,WR
00-0024463,Ben Obomanu,30,24,WR
00-0024466,Marques Colston,32,22,WR
00-0024813,Pierre Thomas,31,31,RB
00-0025389,Calvin Johnson,30,10,WR
00-0025394,Adrian Peterson,36,30,RB
00-0025396,Ted Ginn,35,5,WR
00-0025399,Marshawn Lynch,33,28,RB
00-0025409,Brady Quinn,28,15,QB
00-0025410,Dwayne Bowe,31,7,WR
00-0025414,Robert Meachem,30,22,WR
00-0025418,Greg Olsen,35,28,TE
00-0025423,Kevin Kolb,28,0,QB
00-0025425,Zach Miller,29,28,TE
00-0025430,Drew Stanton,33,0,QB
00-0025431,Sidney Rice,27,28,WR
00-0025439,Brian Leonard,29,29,RB
00-0025450,Brandon Jackson,27,7,RB
00-0025460,Jacoby Jones,30,2,WR
00-0025462,Laurent Robinson,27,14,WR
00-0025465,James Jones,31,11,WR
00-0025487,Michael Bush,29,5,RB
00-0025516,Scott Chandler,30,21,TE
00-0025529,Steve Breaston,29,15,WR
00-0025540,Kevin Boss,28,15,TE
00-0025542,Dante Rosario,30,5,TE
00-0025549,Brent Celek,32,25,TE
00-0025631,Jason Snelling,30,1,RB
00-0025637,Ahmad Bradshaw,29,13,RB
00-0025701,Jackie Battle,31,30,TE
00-0025708,Matt Moore,35,15,QB
00-0025860,BenJarvus Green-Ellis,28,6,RB
00-0026000,Davone Bess,28,7,WR
00-0026019,Danny Woodhead,32,2,RB
00-0026035,Danny Amendola,36,12,WR
00-0026123,Evan Moore,27,28,TE
00-0026143,Matt Ryan,37,13,QB
00-0026144,Darren McFadden,30,8,RB
00-0026153,Jonathan Stewart,31,23,RB
00-0026158,Joe Flacco,38,7,QB
00-0026162,Felix Jones,26,26,RB
00-0026163,Rashard Mendenhall,26,0,RB
00-0026164,Chris Johnson,32,0,RB
00-0026170,Dustin Keller,28,24,TE
00-0026173,Donnie Avery,30,15,WR
00-0026176,Jordy Nelson,32,11,WR
00-0026178,John Carlson,30,0,TE
00-0026182,Eddie Royal,30,5,WR
00-0026184,Matt Forte,32,24,RB
00-0026186,Jerome Simpson,29,27,WR
00-0026188,Fred Davis,27,31,TE
00-0026189,DeSean Jackson,36,2,WR
00-0026195,Ray Rice,26,2,RB
00-0026197,Chad Henne,37,15,QB
00-0026201,Martellus Bennett,30,11,TE
00-0026204,Kevin Smith,26,10,RB
00-0026210,Earl Bennett,26,5,WR
00-0026213,Jamaal Charles,32,14,RB
00-0026221,Early Doucet,27,0,WR
00-0026224,Harry Douglas,33,30,WR
00-0026225,Craig Stevens,31,30,TE
00-0026231,Jermichael Finley,26,11,TE
00-0026235,Mario Manningham,27,27,WR
00-0026237,Andre Caldwell,30,9,WR
00-0026262,Tashard Choice,29,3,RB
00-0026266,Lavelle Hawkins,26,30,WR
00-0026267,Jacob Tamme,31,1,TE
00-0026281,Gary Barnidge,31,7,TE
00-0026289,Tim Hightower,30,22,RB
00-0026293,Matt Slater,31,21,WR
00-0026298,Kellen Davis,31,24,TE
00-0026300,Josh Johnson,36,27,QB
00-0026314,Josh Morgan,29,5,WR
00-0026316,Jalen Parmele,27,14,RB
00-0026345,Pierre Garcon,32,27,WR
00-0026349,Matt Flynn,29,11,QB
00-0026364,Steve Johnson,28,27,WR
00-0026366,Chaz Schilens,27,24,WR
00-0026367,Peyton Hillis,28,23,RB
00-0026373,Justin Forsett,31,10,RB
00-0026432,Lance Ball,27,9,RB
00-0026465,Anthony Armstrong,29,19,WR
00-0026498,Matthew Stafford,35,18,QB
00-0026544,Chase Daniel,36,17,QB
00-0026566,Isaac Redman,29,26,RB
00-0026579,Kahlil Bell,26,5,RB
00-0026625,Brian Hoyer,38,16,QB
00-0026739,Jordan Norwood,30,9,WR
00-0026780,Kevin Ogletree,27,23,WR
00-0026796,Arian Foster,30,19,RB
00-0026855,Antone Smith,31,29,RB
00-0026898,Mark Sanchez,32,31,QB
00-0026899,Shonn Greene,29,30,RB
00-0026901,Mike Wallace,32,25,WR
00-0026902,Ramses Barden,26,23,WR
00-0026931,Bear Pascoe,28,1,TE
00-0026932,Cedric Peerman,30,6,RB
00-0026937,Brandon Gibson,27,19,WR
00-0026941,Bernard Scott,29,2,RB
00-0026956,LaRod Stephens-Howling,26,26,RB
00-0026957,David Johnson,29,26,TE
00-0026983,Darrius Heyward-Bey,31,26,WR
00-0026986,Michael Crabtree,32,0,WR
00-0026988,Knowshon Moreno,27,19,RB
00-0026993,Josh Freeman,27,13,QB
00-0026995,Jeremy Maclin,29,2,WR
00-0026996,Brandon Pettigrew,30,10,TE
00-0026998,Percy Harvin,28,3,WR
00-0027003,Donald Brown,26,13,RB
00-0027005,Hakeem Nicks,27,23,WR
00-0027006,Kenny Britt,29,7,WR
00-0027026,Mohamed Massaquoi,26,7,WR
00-0027029,LeSean McCoy,32,29,RB
00-0027057,Brandon Tate,30,3,WR
00-0027061,Jared Cook,34,17,TE
00-0027070,Travis Beckum,25,23,TE
00-0027076,Mike Thomas,25,14,WR
00-0027077,Brian Hartline,29,7,WR
00-0027080,Mike Goodson,26,24,RB
00-0027089,Louis Murphy,30,27,WR
00-0027092,Austin Collie,28,21,WR
00-0027094,Andre Brown,27,23,RB
00-0027120,Javon Ringer,25,30,RB
00-0027125,Zach Miller,33,5,TE
00-0027135,Brandon Myers,31,29,TE
00-0027139,John Phillips,31,0,TE
00-0027150,Julian Edelman,34,21,WR
00-0027155,Rashad Jennings,31,23,RB
00-0027215,Logan Paulsen,31,1,TE
00-0027218,Joique Bell,30,5,RB
00-0027259,Jake Ballard,26,0,TE
00-0027265,Victor Cruz,30,23,WR
00-0027322,David Nelson,28,24,WR
00-0027325,LeGarrette Blount,32,10,RB
00-0027346,Alfonso Smith,27,27,RB
00-0027349,Stephen Williams,27,14,WR
00-0027450,Preston Parker,28,23,WR
00-0027518,Donald Jones,25,3,WR
00-0027531,Chris Ivory,30,3,RB
00-0027602,Graham Harrell,27,11,QB
00-0027651,Dexter McCluster,27,30,RB
00-0027654,Arrelious Benn,29,14,WR
00-0027656,Rob Gronkowski,32,29,TE
00-0027659,Jimmy Clausen,27,5,QB
00-0027666,Montario Hardesty,25,7,RB
00-0027675,Ed Dickson,31,28,TE
00-0027681,Brandon LaFell,31,6,WR
00-0027685,Emmanuel Sanders,34,3,WR
00-0027687,Jordan Shipley,27,14,WR
00-0027688,Colt McCoy,36,0,QB
00-0027690,Eric Decker,30,30,WR
00-0027691,Andre Roberts,33,17,WR
00-0027695,Tony Moeaki,28,1,TE
00-0027696,Jimmy Graham,37,22,TE
00-0027702,Mike Williams,27,3,WR
00-0027712,Joe McKnight,26,15,RB
00-0027714,Dennis Pitta,31,2,TE
00-0027718,Garrett Graham,29,12,TE
00-0027725,Clay Harbor,29,10,TE
00-0027732,Michael Hoomanawanui,29,22,TE
00-0027754,John Skelton,24,0,QB
00-0027758,Riley Cooper,28,25,WR
00-0027772,Anthony Dixon,28,3,RB
00-0027779,Deji Karim,27,12,RB
00-0027786,Jonathan Dwyer,25,0,RB
00-0027789,Dezmon Briscoe,23,31,WR
00-0027791,James Starks,30,11,RB
00-0027793,Antonio Brown,33,29,WR
00-0027796,Joe Webb,32,12,QB
00-0027854,Sam Bradford,31,0,QB
00-0027861,C.J. Spiller,29,24,RB
00-0027864,Ryan Mathews,29,25,RB
00-0027873,Jermaine Gresham,30,0,TE
00-0027874,Demaryius Thomas,32,24,WR
00-0027888,Toby Gerhart,28,14,RB
00-0027890,Ben Tate,26,7,RB
00-0027891,Golden Tate,32,23,WR
00-0027893,Damian Williams,25,30,WR
00-0027902,Dez Bryant,32,2,WR
00-0027939,Cam Newton,32,4,QB
00-0027942,A.J. Green,34,0,WR
00-0027944,Julio Jones,34,25,WR
00-0027946,Jake Locker,26,30,QB
00-0027948,Blaine Gabbert,34,15,QB
00-0027950,Christian Ponder,26,20,QB
00-0027964,Jon Baldwin,24,27,WR
00-0027966,Mark Ingram,33,22,RB
00-0027973,Andy Dalton,36,4,QB
00-0027974,Colin Kaepernick,29,27,QB
00-0027976,Ryan Williams,22,0,RB
00-0027981,Kyle Rudolph,33,29,TE
00-0027982,Titus Young,23,10,WR
00-0027985,Lance Kendricks,31,17,TE
00-0027994,Shane Vereen,28,23,RB
00-0027995,Mikel Leshoure,23,10,RB
00-0027996,Torrey Smith,29,4,WR
00-0027997,Greg Little,25,6,WR
00-0028000,Daniel Thomas,27,19,RB
00-0028002,Randall Cobb,33,24,WR
00-0028007,Rob Housler,27,7,TE
00-0028009,DeMarco Murray,29,30,RB
00-0028011,Stevan Ridley,29,26,RB
00-0028012,Ryan Mallett,29,2,QB
00-0028017,Leonard Hankerson,27,1,WR
00-0028021,Jerrel Jernigan,25,23,WR
00-0028034,Alex Green,25,24,RB
00-0028040,Jordan Cameron,28,19,TE
00-0028042,Luke Stocker,33,20,TE
00-0028043,Roy Helu,26,31,RB
00-0028050,Greg Salas,28,3,WR
00-0028052,Cecil Shorts,29,29,WR
00-0028053,Kendall Hunter,25,27,RB
00-0028057,Delone Carter,25,13,RB
00-0028061,Tandon Doss,24,2,WR
00-0028063,Taiwan Jones,32,3,RB
00-0028064,Bilal Powell,31,24,RB
00-0028067,Julius Thomas,29,19,TE
00-0028068,Jamie Harper,23,30,RB
00-0028074,Anthony Sherman,32,15,RB
00-0028079,D.J. Williams,25,14,TE
00-0028083,Jacquizz Rodgers,28,29,RB
00-0028087,Dion Lewis,30,23,RB
00-0028090,T.J. Yates,30,12,QB
00-0028091,Jeremy Kerley,30,3,WR
00-0028093,Niles Paul,29,14,TE
00-0028097,Lee Smith,34,1,TE
00-0028112,Charles Clay,30,0,TE
00-0028114,Dwayne Harris,29,23,WR
00-0028115,Evan Royster,26,31,RB
00-0028116,Aldrick Robinson,30,20,WR
00-0028118,Tyrod Taylor,34,23,QB
00-0028121,Jordan Todman,26,13,RB
00-0028142,Virgil Green,32,17,TE
00-0028159,Da'Rel Scott,25,23,RB
00-0028163,Anthony Allen,24,2,RB
00-0028170,Baron Batch,25,26,RB
00-0028198,Matt Asiata,29,20,RB
00-0028202,Shaun Draughn,29,27,RB
00-0028237,Chris Hogan,33,22,WR
00-0028263,Andre Holmes,30,3,WR
00-0028400,Armon Binns,23,6,WR
00-0028409,DuJuan Harris,28,27,RB
00-0028411,Dontrelle Inman,31,31,WR
00-0028416,Richard Murphy,26,14,RB
00-0028434,Doug Baldwin,30,28,WR
00-0028497,Kamar Aiken,29,25,WR
00-0028542,Lestar Jean,25,12,WR
00-0028565,Armando Allen,23,5,RB
00-0028613,Phillip Tanner,25,8,RB
00-0028736,William Powell,24,0,RB
00-0028825,Terrelle Pryor,29,24,WR
00-0028903,Garrett Celek,30,27,TE
00-0028957,Austin Davis,26,7,QB
00-0028986,Case Keenum,35,12,QB
00-0028995,Stephen Hill,22,24,WR
00-0029000,Cole Beasley,33,3,WR
00-0029004,Lance Dunbar,27,18,RB
00-0029048,Joe Banyard,28,14,RB
00-0029104,Jonas Gray,25,19,RB
00-0029119,Derek Carrier,31,16,TE
00-0029129,Rod Streater,30,7,WR
00-0029137,Alshon Jeffery,30,25,WR
00-0029140,Chris Rainey,25,13,RB
00-0029141,Alfred Morris,32,23,RB
00-0029151,Matt Simms,26,24,QB
00-0029159,Jermaine Kearse,28,24,WR
00-0029205,Travaris Cadet,29,4,RB
00-0029209,Ryan Broyles,26,10,WR
00-0029239,Brandon Bolden,33,16,RB
00-0029251,David Wilson,22,23,RB
00-0029260,LaMichael James,25,19,RB
00-0029262,Rueben Randle,24,23,WR
00-0029263,Russell Wilson,35,9,QB
00-0029264,Bernard Pierce,24,14,RB
00-0029269,Travis Benjamin,32,27,WR
00-0029271,Joe Adams,23,4,WR
00-0029273,Robert Turbin,29,13,RB
00-0029275,Ladarius Green,26,26,TE
00-0029293,Marvin Jones,33,10,WR
00-0029298,Cyrus Gray,25,15,RB
00-0029317,Edwin Baker,22,7,RB
00-0029319,Josh Bellamy,30,24,WR
00-0029336,Brittan Golden,29,0,WR
00-0029388,Deonte Thompson,29,8,WR
00-0029391,Sean McGrath,30,17,TE
00-0029414,Orson Charles,27,7,TE
00-0029415,Keshawn Martin,25,21,WR
00-0029429,Bryce Brown,24,28,RB
00-0029438,Chris Polk,26,12,RB
00-0029441,Jeremy Stewart,25,9,RB
00-0029510,Jonathan Grimes,27,12,RB
00-0029531,Ryan Lindley,26,13,QB
00-0029547,Vick Ballard,23,13,RB
00-0029548,LaVon Brazill,24,13,WR
00-0029567,Nick Foles,33,13,QB
00-0029572,Jarius Wright,30,4,WR
00-0029580,Rishard Matthews,29,24,WR
00-0029587,Rhett Ellison,31,23,TE
00-0029588,Dan Herron,26,3,RB
00-0029604,Kirk Cousins,35,20,QB
00-0029608,T.Y. Hilton,33,8,WR
00-0029612,Daryl Richardson,26,26,RB
00-0029613,Doug Martin,28,29,RB
00-0029614,Chris Givens,26,2,WR
00-0029615,Lamar Miller,27,12,RB
00-0029623,Alex Tanney,32,23,QB
00-0029626,Isaiah Pead,27,19,RB
00-0029632,Mohamed Sanu,32,27,WR
00-0029638,Michael Floyd,29,31,WR
00-0029640,Brian Quick,29,31,WR
00-0029654,A.J. Jenkins,24,15,WR
00-0029664,Josh Gordon,31,30,WR
00-0029665,Robert Griffin,30,2,QB
00-0029667,Nick Toon,26,22,WR
00-0029668,Andrew Luck,29,13,QB
00-0029673,DeVier Posey,24,12,WR
00-0029675,Trent Richardson,23,13,RB
00-0029677,Brandon Weeden,32,8,QB
00-0029682,Brock Osweiler,28,19,QB
00-0029683,Ronnie Hillman,25,20,RB
00-0029689,Dwayne Allen,28,21,TE
00-0029694,Michael Egnew,24,19,TE
00-0029697,Coby Fleener,29,22,TE
00-0029701,Ryan Tannehill,35,30,QB
00-0029707,Justin Blackmon,23,14,WR
00-0029708,Kendall Wright,28,5,WR
00-0029731,Fozzy Whittaker,28,4,RB
00-0029738,Darren Fells,35,10,TE
00-0029795,Benny Cunningham,28,5,RB
00-0029848,Nick Williams,28,30,WR
00-0029854,C.J. Anderson,28,10,RB
00-0029857,Ryan Griffin,30,29,QB
00-0029878,MarQueis Gray,27,19,TE
00-0029910,Timothy Wright,25,10,TE
00-0029999,Zach Sudfeld,25,24,TE
00-0030000,Kenbrell Thompkins,27,24,WR
00-0030024,Jeff Tuel,22,3,QB
00-0030035,Adam Thielen,33,4,WR
00-0030043,Da'Rick Rogers,22,13,WR
00-0030047,Marquess Wilson,24,5,WR
00-0030049,Chris Gragg,25,3,TE
00-0030061,Zach Ertz,33,0,TE
00-0030068,Marquise Goodwin,33,7,WR
00-0030078,Johnathan Franklin,24,11,RB
00-0030085,Kenny Stills,29,22,WR
00-0030089,Luke Willson,30,28,TE
00-0030091,Tavarres King,27,23,WR
00-0030107,Theo Riddick,29,16,RB
00-0030108,Ryan Griffin,32,5,TE
00-0030113,Charles Johnson,27,20,WR
00-0030117,Kerwynn Williams,26,0,RB
00-0030128,Michael Cox,25,23,RB
00-0030147,Russell Shepard,29,23,WR
00-0030151,Tyler Bray,29,5,QB
00-0030155,Demetrius Harris,30,0,TE
00-0030181,Jack Doyle,31,13,TE
00-0030187,Rashad Ross,26,31,WR
00-0030216,Josh Hill,30,22,TE
00-0030248,Cierre Wood,24,3,RB
00-0030279,Keenan Allen,31,17,WR
00-0030280,Knile Davis,25,15,RB
00-0030282,Stepfan Taylor,25,0,RB
00-0030287,Andre Ellington,28,0,RB
00-0030288,Rex Burkhead,32,12,RB
00-0030290,Cobi Hamilton,27,12,WR
00-0030300,Jaron Brown,29,28,WR
00-0030348,Khiry Robinson,27,24,RB
00-0030388,Joseph Randle,24,8,RB
00-0030391,Mike James,25,29,RB
00-0030400,Marlon Brown,24,2,WR
00-0030404,Chris Thompson,30,14,RB
00-0030414,Spencer Ware,28,15,RB
00-0030422,Dion Sims,27,5,TE
00-0030431,Robert Woods,31,12,WR
00-0030432,Christine Michael,28,13,RB
00-0030433,Mike Gillislee,28,22,RB
00-0030443,Levine Toilolo,29,23,TE
00-0030450,Quinton Patton,26,27,WR
00-0030456,Giovani Bernard,31,29,RB
00-0030460,Markus Wheaton,26,5,WR
00-0030465,Kenjon Barner,32,29,RB
00-0030470,Vance McDonald,30,26,TE
00-0030472,Jordan Reed,30,27,TE
00-0030474,Josh Boyce,22,21,WR
00-0030485,Eddie Lacy,27,28,RB
00-0030496,Le'Veon Bell,29,2,RB
00-0030506,Travis Kelce,34,15,TE
00-0030513,Latavius Murray,33,3,RB
00-0030516,Brice Butler,28,19,WR
00-0030520,Mike Glennon,32,23,QB
00-0030521,Justin Hunter,27,26,WR
00-0030522,Montee Ball,24,9,RB
00-0030524,Landry Jones,28,26,QB
00-0030525,Tavon Austin,30,14,WR
00-0030526,E.J. Manuel,26,3,QB
00-0030533,Matt Barkley,30,3,QB
00-0030536,Zac Stacy,24,24,RB
00-0030540,Aaron Dobson,24,21,WR
00-0030542,Terrance Williams,29,8,WR
00-0030544,Gavin Escobar,25,8,TE
00-0030547,Denard Robinson,26,14,RB
00-0030549,Tyler Eifert,30,14,TE
00-0030550,Ace Sanders,23,14,WR
00-0030564,DeAndre Hopkins,31,30,WR
00-0030565,Geno Smith,33,28,QB
00-0030578,Cordarrelle Patterson,32,1,RB
00-0030656,Isaiah Crowell,25,24,RB
00-0030663,Willie Snead,29,16,WR
00-0030668,Charcandrick West,27,15,RB
00-0030669,Albert Wilson,29,19,WR
00-0030670,Bennie Fowler,29,22,WR
00-0030671,Isaiah Burse,23,9,WR
00-0030691,Jeremy Butler,24,2,WR
00-0030705,Juwan Thompson,24,9,RB
00-0030710,Trey Burton,29,13,TE
00-0030711,David Fluellen,26,30,RB
00-0030737,Freddie Martino,27,29,WR
00-0030743,Bernard Reedy,26,29,WR
00-0030780,Ryan Hewitt,27,13,TE
00-0030789,Antonio Andrews,24,30,RB
00-0030801,Brandon Coleman,25,22,WR
00-0030805,Je'Ron Hamm,24,27,TE
00-0030807,Seantavius Jones,23,22,WR
00-0030821,Allen Hurns,28,19,WR
00-0030854,Erik Swoope,26,13,TE
00-0030860,Orleans Darkwa,25,23,RB
00-0030874,Damien Williams,30,1,RB
00-0030897,Corey Washington,23,23,WR
00-0030990,Josh Huff,25,25,WR
00-0030992,Crockett Gillmore,25,2,TE
00-0030999,Marion Grice,22,0,RB
00-0031001,Jeff Janis,26,11,WR
00-0031008,Silas Redd,22,31,RB
00-0031021,Jared Abbrederis,27,10,WR
00-0031023,Quincy Enunwa,27,24,WR
00-0031025,Michael Campanaro,26,2,WR
00-0031035,Xavier Grimble,27,26,TE
00-0031042,Jace Amaro,24,30,TE
00-0031044,Troy Niklas,25,0,TE
00-0031045,Carlos Hyde,31,14,RB
00-0031051,John Brown,32,3,WR
00-0031053,Jalen Saunders,22,22,WR
00-0031055,Andre Williams,25,17,RB
00-0031057,Ka'Deem Carey,24,5,RB
00-0031060,De'Anthony Thomas,26,2,WR
00-0031062,James White,29,21,RB
00-0031064,Tom Savage,27,12,QB
00-0031066,Lorenzo Taliaferro,25,2,RB
00-0031068,Ryan Grant,28,13,WR
00-0031075,Alfred Blue,27,12,RB
00-0031076,David Fales,29,24,QB
00-0031102,Kapri Bibbs,25,31,RB
00-0031118,Corey Brown,25,4,WR
00-0031123,Darrin Reaves,21,4,RB
00-0031158,George Atkinson,24,7,RB
00-0031166,Seth Roberts,29,4,WR
00-0031167,Scott Simonson,27,23,TE
00-0031187,Robert Herron,22,29,WR
00-0031189,T.J. Jones,27,23,WR
00-0031209,Senorise Perry,29,30,RB
00-0031228,Taylor Gabriel,28,5,WR
00-0031235,Odell Beckham,31,2,WR
00-0031236,Brandin Cooks,30,8,WR
00-0031237,Teddy Bridgewater,30,19,QB
00-0031243,Storm Johnson,22,14,RB
00-0031257,Paul Richardson,27,31,WR
00-0031260,Logan Thomas,32,31,TE
00-0031266,Zach Mettenberger,24,30,QB
00-0031273,Cameron Brate,31,29,TE
00-0031277,Branden Oliver,26,17,RB
00-0031280,Derek Carr,32,22,QB
00-0031285,Devonta Freeman,29,2,RB
00-0031288,AJ McCarron,33,6,QB
00-0031291,James Wright,25,6,WR
00-0031301,Jeremy Hill,26,21,RB
00-0031302,C.J. Fiedorowicz,26,12,TE
00-0031310,Devin Street,25,13,WR
00-0031315,Matt Hazel,25,13,WR
00-0031319,Diontae Spencer,29,9,WR
00-0031325,Sammy Watkins,29,11,WR
00-0031326,Bruce Ellington,27,12,WR
00-0031332,Fitzgerald Toussaint,27,26,RB
00-0031339,Donte Moncrief,27,21,WR
00-0031344,Cody Latimer,27,23,WR
00-0031345,Jimmy Garoppolo,32,16,QB
00-0031359,Kelvin Benjamin,27,3,WR
00-0031373,Martavis Bryant,26,26,WR
00-0031375,Terrance West,26,2,RB
00-0031376,Jerick McKinnon,31,15,RB
00-0031381,Davante Adams,31,16,WR
00-0031382,Jarvis Landry,30,22,WR
00-0031384,Richard Rodgers,30,17,TE
00-0031387,Eric Ebron,28,26,TE
00-0031390,Charles Sims,27,29,RB
00-0031392,Dri Archer,23,26,RB
00-0031395,Garrett Gilbert,30,31,QB
00-0031407,Blake Bortles,28,18,QB
00-0031408,Mike Evans,30,29,WR
00-0031409,Johnny Manziel,23,7,QB
00-0031413,Bishop Sankey,23,30,RB
00-0031418,Austin Seferian-Jenkins,26,14,TE
00-0031428,Allen Robinson,30,26,WR
00-0031431,Marqise Lee,28,14,WR
00-0031462,Jerome Cunningham,27,10,TE
00-0031484,Chris Manhertz,31,9,TE
00-0031493,Jarryd Hayne,27,27,RB
00-0031503,Jameis Winston,29,22,QB
00-0031511,DeAndrew White,28,4,WR
00-0031514,Quan Bray,24,13,WR
00-0031544,Amari Cooper,29,7,WR
00-0031545,Kevin White,30,22,WR
00-0031547,DeVante Parker,30,21,WR
00-0031549,Nelson Agholor,30,2,WR
00-0031558,Maxx Williams,28,0,TE
00-0031560,Jaelen Strong,23,14,WR
00-0031568,Bryce Petty,26,24,QB
00-0031569,Jeremy Langford,27,1,RB
00-0031570,Justin Hardy,28,1,WR
00-0031577,Javorius Allen,28,23,RB
00-0031585,MyCole Pruitt,31,1,TE
00-0031588,Stefon Diggs,30,3,WR
00-0031589,Brett Hundley,26,0,QB
00-0031590,Jay Ajayi,26,25,RB
00-0031598,Nick Boyle,28,2,TE
00-0031599,Cameron Artis-Payne,28,4,RB
00-0031600,Keith Mumphery,24,12,WR
00-0031609,A.J. Derby,27,19,TE
00-0031610,Darren Waller,31,23,TE
00-0031611,Josh Robinson,23,13,RB
00-0031665,Zach Zenner,28,0,RB
00-0031682,Terron Ward,25,1,RB
00-0031684,Shane Wynn,24,14,WR
00-0031687,Raheem Mostert,31,19,RB
00-0031690,Eric Tomlinson,30,9,TE
00-0031697,Jordan Taylor,25,9,WR
00-0031731,Corey Grant,27,14,RB
00-0031732,Connor Hamlett,24,7,TE
00-0031743,Akeem Hunt,24,15,RB
00-0031744,Matt LaCosse,27,21,TE
00-0031757,Lucky Whitehead,24,8,WR
00-0031763,DeAndre Carter,30,16,WR
00-0031768,Terrence Magee,23,28,RB
00-0031782,Eli Rogers,26,26,WR
00-0031787,Jake Kumerow,30,3,WR
00-0031788,Matt Lengel,28,6,TE
00-0031793,Terrell Watson,24,26,RB
00-0031800,Taylor Heinicke,30,1,QB
00-0031801,Jordan Leslie,26,7,WR
00-0031806,Malcolm Brown,29,18,RB
00-0031818,Bradley Marquez,24,18,WR
00-0031834,Larry Pinkard,25,14,WR
00-0031854,Chris Harper,23,27,WR
00-0031868,Damiere Byrd,29,1,WR
00-0031884,Gabe Holmes,26,0,TE
00-0031897,Thomas Rawls,24,28,RB
00-0031900,Rod Smith,26,8,RB
00-0031912,Cameron Meredith,26,22,WR
00-0031922,Khari Lee,26,3,TE
00-0031934,Devin Smith,27,8,WR
00-0031939,Matt Jones,25,13,RB
00-0031941,Jamison Crowder,30,31,WR
00-0031951,James O'Shaughnessy,29,14,TE
00-0031953,Geremy Davis,27,17,WR
00-0031959,Marcus Murphy,27,3,RB
00-0031962,Mario Alford,23,6,WR
00-0031968,E.J. Bibbs,24,7,TE
00-0031972,Darius Jennings,27,30,WR
00-0032004,Will Tye,26,24,TE
00-0032008,Donteea Dye,22,29,WR
00-0032009,Adam Humphries,28,31,WR
00-0032048,Mack Brown,25,31,RB
00-0032054,Breshad Perriman,29,29,WR
00-0032058,Tevin Coleman,28,24,RB
00-0032062,Blake Bell,32,15,TE
00-0032063,Mike Davis,29,2,RB
00-0032089,Brian Parker,26,9,TE
00-0032098,Daniel Brown,29,24,TE
00-0032104,Ameer Abdullah,30,16,RB
00-0032112,J.J. Nelson,26,0,WR
00-0032115,Kaelin Clay,25,3,WR
00-0032117,Nick O'Leary,27,19,TE
00-0032120,Neal Sterling,26,24,TE
00-0032123,Tre McBride,25,5,WR
00-0032128,Chris Conley,31,27,WR
00-0032133,David Cobb,22,30,RB
00-0032134,C.J. Uzomah,30,24,TE
00-0032135,Jesse James,27,5,TE
00-0032139,Ben Koyack,26,14,TE
00-0032141,Geoff Swaim,30,0,TE
00-0032144,Melvin Gordon,29,9,RB
00-0032152,Karlos Williams,22,3,RB
00-0032156,Trevor Siemian,32,24,QB
00-0032160,Tyrell Williams,29,10,WR
00-0032166,Sammie Coates,25,12,WR
00-0032170,Rashad Greene,26,14,WR
00-0032187,David Johnson,31,22,RB
00-0032188,Vince Mayle,26,2,TE
00-0032200,Ty Montgomery,30,21,WR
00-0032208,Phillip Dorsett,29,12,WR
00-0032209,T.J. Yeldon,27,3,RB
00-0032211,Tyler Lockett,31,28,WR
00-0032214,Tyler Kroft,30,27,TE
00-0032218,Dorial Green-Beckham,23,25,WR
00-0032227,Jeff Heuerman,27,9,TE
00-0032241,Todd Gurley,26,1,RB
00-0032245,Sean Mannion,29,20,QB
00-0032250,Kasen Williams,25,7,WR
00-0032256,Clive Walford,28,19,TE
00-0032257,Duke Johnson,28,19,RB
00-0032268,Marcus Mariota,30,25,QB
00-0032298,Bronson Hill,24,0,RB
00-0032319,Ross Travis,26,13,TE
00-0032355,Chester Rogers,27,30,WR
00-0032362,Maurice Harris,26,31,WR
00-0032365,Demarcus Ayers,22,26,WR
00-0032371,Rob Kelley,26,31,RB
00-0032377,Josh Ferguson,26,31,RB
00-0032385,Sterling Shepard,30,23,WR
00-0032392,Austin Hooper,29,16,TE
00-0032393,C.J. Prosise,26,12,RB
00-0032394,Nick Vannett,30,17,TE
00-0032398,Chris Moore,30,30,WR
00-0032400,Malcolm Mitchell,23,21,WR
00-0032404,Tyler Ervin,27,11,RB
00-0032411,Kenneth Dixon,24,2,RB
00-0032417,Paul Perkins,25,10,RB
00-0032423,Trevor Davis,24,11,WR
00-0032426,Alex Collins,27,28,RB
00-0032429,Jerell Adams,25,23,TE
00-0032430,David Morgan,25,20,TE
00-0032431,Jake Rudock,24,10,QB
00-0032434,Brandon Allen,30,6,QB
00-0032436,Jeff Driskel,29,12,QB
00-0032441,Aaron Burbridge,23,27,WR
00-0032450,Dwayne Washington,28,22,RB
00-0032462,Trevone Boykin,23,28,QB
00-0032464,Kalif Raymond,29,10,WR
00-0032475,Tanner McEvoy,24,28,WR
00-0032482,Bralon Addison,23,5,WR
00-0032508,Hakeem Valles,26,10,TE
00-0032515,Braedon Bowman,22,24,TE
00-0032523,Henry Krieger-Coble,24,9,TE
00-0032540,Tra Carson,27,10,RB
00-0032543,Alex Erickson,31,17,WR
00-0032562,Cole Wick,25,27,TE
00-0032577,D.J. Foster,27,0,RB
00-0032593,Brandon Wilds,25,14,RB
00-0032599,Joshua Perkins,26,25,TE
00-0032602,J.D. McKissic,29,31,RB
00-0032626,Geronimo Allison,27,10,WR
00-0032630,Joe Callahan,24,11,QB
00-0032634,David Grinnage,24,14,TE
00-0032636,Don Jackson,23,11,RB
00-0032650,Ryan Malleck,24,12,TE
00-0032659,Roger Lewis,24,23,WR
00-0032661,Ben Braunecker,25,5,TE
00-0032688,Robbie Chosen,30,19,WR
00-0032694,Jalin Marshall,21,24,WR
00-0032707,Andy Jones,24,10,WR
00-0032724,Bryce Treggs,23,7,WR
00-0032725,Stephen Anderson,29,0,TE
00-0032728,Tevin Jones,27,26,WR
00-0032739,Wendall Williams,26,12,WR
00-0032741,Peyton Barber,27,16,RB
00-0032745,Alan Cross,25,29,TE
00-0032760,Josh Doctson,26,31,WR
00-0032764,Derrick Henry,29,30,RB
00-0032765,Michael Thomas,30,22,WR
00-0032775,Demarcus Robinson,29,18,WR
00-0032778,Tajae Sharpe,27,1,WR
00-0032780,Jordan Howard,27,25,RB
00-0032782,Wendell Smallwood,25,31,RB
00-0032784,Kevin Hogan,25,7,QB
00-0032791,Jakeem Grant,29,5,WR
00-0032792,Nate Sudfeld,29,10,QB
00-0032795,Cody Core,25,23,WR
00-0032801,Daniel Braverman,23,5,WR
00-0032804,Daniel Lasco,24,22,RB
00-0032813,Elijhaa Penny,28,23,RB
00-0032839,Hunter Sharp,23,23,WR
00-0032841,Paul Turner,23,25,WR
00-0032864,Alex Ellis,23,14,TE
00-0032881,Tommylee Lewis,29,19,WR
00-0032926,K.J. Brent,24,13,WR
00-0032935,Johnny Holton,28,26,WR
00-0032937,Max McCaffrey,23,14,WR
00-0032940,DeAndre Washington,27,19,RB
00-0032950,Carson Wentz,31,18,QB
00-0032951,Laquon Treadwell,27,28,WR
00-0032959,Charone Peake,26,24,WR
00-0032964,Byron Marshall,24,31,RB
00-0032966,Corey Coleman,24,23,WR
00-0032972,Devontae Booker,29,23,RB
00-0032974,Jordan Payton,23,7,WR
00-0032975,Jonathan Williams,28,31,RB
00-0032977,Rashard Higgins,27,7,WR
00-0032980,Marcus Johnson,28,23,WR
00-0032986,J.P. Holtz,27,5,TE
00-0033006,Jaydon Mickens,27,14,WR
00-0033009,Tyler Boyd,29,6,WR
00-0033025,Jalen Richard,28,16,RB
00-0033040,Tyreek Hill,29,19,WR
00-0033043,Austin Traylor,24,9,TE
00-0033045,Ezekiel Elliott,28,21,RB
00-0033054,Rico Gathers,24,8,TE
00-0033060,Leonte Carroo,24,19,WR
00-0033069,Braxton Miller,25,12,WR
00-0033077,Dak Prescott,30,8,QB
00-0033079,Ricardo Louis,23,7,WR
00-0033087,Marquis Bundy,23,23,WR
00-0033090,Hunter Henry,29,21,TE
00-0033094,Marvin Hall,27,10,WR
00-0033095,Garrett Griffin,27,22,TE
00-0033098,Cardale Jones,24,3,QB
00-0033104,Cody Kessler,25,14,QB
00-0033106,Jared Goff,29,10,QB
00-0033108,Paxton Lynch,23,9,QB
00-0033110,Tyler Higbee,30,18,TE
00-0033111,Pharoh Cooper,27,0,WR
00-0033112,Temarrick Hemingway,27,31,TE
00-0033114,Mike Thomas,28,6,WR
00-0033118,Kenyan Drake,28,2,RB
00-0033119,Jacoby Brissett,31,31,QB
00-0033127,Will Fuller,27,19,WR
00-0033164,Troymaine Pope,27,17,RB
00-0033215,Cyril Grayson,28,29,WR
00-0033217,Mo Alie-Cox,30,13,TE
00-0033246,Johnny Mundt,29,20,TE
00-0033251,Zach Pascal,29,0,WR
00-0033258,Darrell Daniels,27,0,TE
00-0033275,P.J. Walker,28,7,QB
00-0033280,Christian McCaffrey,27,27,RB
00-0033282,Curtis Samuel,27,31,WR
00-0033288,George Kittle,30,27,TE
00-0033292,Trent Taylor,29,5,WR
00-0033293,Aaron Jones,29,11,RB
00-0033295,Elijah McGuire,24,24,RB
00-0033296,Alex Armah,29,31,RB
00-0033304,Devante Mays,23,11,RB
00-0033306,Victor Bolden,23,27,WR
00-0033307,Kendrick Bourne,28,21,WR
00-0033308,Matt Breida,28,23,RB
00-0033315,Cole Hikutini,23,27,TE
00-0033319,Nick Mullens,28,20,QB
00-0033338,Cethan Carter,28,19,TE
00-0033352,Michael Clark,22,11,WR
00-0033357,Taysom Hill,33,22,QB
00-0033367,C.J. Board,28,23,WR
00-0033373,Taquan Mizzell,25,5,RB
00-0033375,Tim Patrick,28,9,WR
00-0033379,Tim White,24,2,WR
00-0033382,Austin Carr,27,22,WR
00-0033384,LeShun Daniels,22,31,RB
00-0033386,Cody Hollister,29,30,WR
00-0033387,Jacob Hollister,28,14,TE
00-0033413,De'Veon Smith,23,19,RB
00-0033421,Antony Auclair,28,12,TE
00-0033434,Bobo Wilson,24,29,WR
00-0033439,Pharaoh Brown,29,21,TE
00-0033455,Anthony Firkser,27,1,TE
00-0033460,John Ross,26,23,WR
00-0033464,Jehu Chesson,25,31,WR
00-0033466,Isaiah McKenzie,28,13,WR
00-0033471,Isaiah Ford,25,19,WR
00-0033474,Gehrig Dieter,27,15,WR
00-0033481,Marcus Kemp,26,15,WR
00-0033514,Emanuel Byrd,23,11,TE
00-0033526,Samaje Perine,28,9,RB
00-0033528,Jeremy Sprinkle,27,8,TE
00-0033530,Robert Davis,24,25,WR
00-0033536,Mike Williams,29,17,WR
00-0033537,Deshaun Watson,28,7,QB
00-0033550,Davis Webb,27,23,QB
00-0033553,James Conner,28,0,RB
00-0033555,Mack Hollins,30,1,WR
00-0033556,Tarik Cohen,25,5,RB
00-0033559,Michael Roberts,24,10,TE
00-0033562,Ryan Switzer,25,26,WR
00-0033564,Jake Butt,25,9,TE
00-0033567,Brian Hill,25,1,RB
00-0033572,Jamal Agnew,28,14,WR
00-0033573,Shelton Gibson,23,25,WR
00-0033576,Eric Saubert,29,12,TE
00-0033581,De'Angelo Henderson,26,24,RB
00-0033589,David Moore,26,9,WR
00-0033591,Noah Brown,26,12,WR
00-0033594,Chris Carson,27,28,RB
00-0033596,Matthew Dayes,22,7,RB
00-0033604,Krishawn Hogan,24,22,WR
00-0033611,Ricky Seals-Jones,26,31,TE
00-0033627,Jason Croom,26,25,TE
00-0033633,Tanner Gentry,28,3,WR
00-0033658,Blake Jarwin,27,8,TE
00-0033662,Cooper Rush,30,8,QB
00-0033681,Keelan Cole,29,16,WR
00-0033696,Sean Culkin,26,17,TE
00-0033699,Austin Ekeler,28,17,RB
00-0033705,Andre Patton,25,17,WR
00-0033717,Travis Rudolph,22,23,WR
00-0033720,Colin Thompson,28,4,TE
00-0033725,Corey Clement,28,0,RB
00-0033733,Greg Ward,26,25,WR
00-0033742,Tyrone Swoopes,25,28,TE
00-0033748,Tion Green,24,10,RB
00-0033757,Robert Tonyan,29,5,TE
00-0033760,Justin Davis,23,18,RB
00-0033773,Riley McCarron,25,21,WR
00-0033789,T.J. Logan,25,29,RB
00-0033798,Mason Schreck,27,6,TE
00-0033838,Trey Edmunds,25,26,RB
00-0033839,Dede Westbrook,28,20,WR
00-0033840,Chad Hansen,25,12,WR
00-0033854,Dare Ogunbowale,29,12,RB
00-0033855,Chris Thompson,23,12,WR
00-0033856,Leonard Fournette,27,29,RB
00-0033857,JuJu Smith-Schuster,27,21,WR
00-0033858,Jonnu Smith,28,1,TE
00-0033859,Josh Malone,24,24,WR
00-0033869,Mitchell Trubisky,29,26,QB
00-0033871,Corey Davis,27,24,WR
00-0033873,Patrick Mahomes,28,15,QB
00-0033879,O.J. Howard,28,12,TE
00-0033881,Evan Engram,29,14,TE
00-0033885,David Njoku,27,7,TE
00-0033891,Zay Jones,28,14,WR
00-0033893,Dalvin Cook,28,24,RB
00-0033895,Gerald Everett,29,17,TE
00-0033896,Adam Shaheen,27,19,TE
00-0033897,Joe Mixon,27,6,RB
00-0033899,DeShone Kizer,22,11,QB
00-0033906,Alvin Kamara,28,22,RB
00-0033908,Cooper Kupp,30,18,WR
00-0033911,Taywan Taylor,25,7,WR
00-0033916,ArDarius Stewart,24,24,WR
00-0033921,Chris Godwin,27,29,WR
00-0033923,Kareem Hunt,28,7,RB
00-0033925,D'Onta Foreman,27,5,RB
00-0033932,Kenny Golladay,29,23,WR
00-0033933,Chad Williams,25,13,WR
00-0033936,C.J. Beathard,30,14,QB
00-0033937,Amara Darboh,23,28,WR
00-0033943,Josh Reynolds,28,10,WR
00-0033948,Jamaal Williams,28,22,RB
00-0033949,Joshua Dobbs,28,20,QB
00-0033950,Wayne Gallman,27,1,RB
00-0033951,Marlon Mack,26,9,RB
00-0033953,Jordan Leggett,23,24,TE
00-0033955,Jeremy McNichols,26,30,RB
00-0033958,Nathan Peterman,29,5,QB
00-0033968,Stacy Coley,24,20,WR
00-0033994,Fred Brown,26,9,WR
00-0034011,Dan Arnold,27,14,TE
00-0034034,Rashard Davis,24,30,WR
00-0034052,Brandon Zylstra,28,4,WR
00-0034054,River Cracraft,29,19,WR
00-0034073,Ross Dwelley,28,27,TE
00-0034081,Steven Mitchell,26,12,WR
00-0034104,Cam Sims,26,31,WR
00-0034109,Phillip Lindsay,28,13,RB
00-0034115,Jeffery Wilson,28,19,RB
00-0034132,Christian Blake,25,1,WR
00-0034159,Will Dissly,27,28,TE
00-0034164,Trenton Cannon,27,27,RB
00-0034169,Marcus Baugh,26,31,TE
00-0034177,Tim Boyle,29,24,QB
00-0034184,Gus Edwards,28,2,RB
00-0034192,Nick Keizer,25,15,TE
00-0034193,Kevin Rader,28,30,TE
00-0034201,De'Lance Turner,24,19,RB
00-0034207,Jeff Badet,26,31,WR
00-0034208,Mike Boone,28,12,RB
00-0034221,Roc Thomas,23,20,RB
00-0034253,Dontrell Hilliard,27,30,RB
00-0034256,Da'Mari Scott,24,23,WR
00-0034258,Derrick Willies,24,7,WR
00-0034267,Jaleel Scott,24,2,WR
00-0034268,J'Mon Moore,23,11,WR
00-0034270,Tyler Conklin,28,24,TE
00-0034272,Marquez Valdes-Scantling,29,15,WR
00-0034273,Damion Ratley,25,23,WR
00-0034279,Equanimeous St. Brown,27,5,WR
00-0034286,Richie James,28,15,WR
00-0034297,Byron Pringle,30,31,WR
00-0034301,Darrel Williams,27,0,RB
00-0034309,Chad Beebe,26,20,WR
00-0034317,Keith Kirkwood,30,22,WR
00-0034319,Deon Yelder,25,15,TE
00-0034331,Jaylen Samuels,25,12,RB
00-0034339,Trey Quinn,24,31,WR
00-0034343,Josh Rosen,24,1,QB
00-0034348,Courtland Sutton,28,9,WR
00-0034349,Kerryon Johnson,23,10,RB
00-0034351,Dallas Goedert,28,25,TE
00-0034353,Anthony Miller,27,12,WR
00-0034358,Derrius Guice,22,31,RB
00-0034364,Jordan Akins,31,7,TE
00-0034365,Ian Thomas,27,4,TE
00-0034366,Keke Coutee,25,13,WR
00-0034367,Nyheim Hines,26,3,RB
00-0034369,Kyle Lauletta,23,23,QB
00-0034370,DaeSean Hamilton,25,9,WR
00-0034378,Ito Smith,25,1,RB
00-0034383,Dalton Schultz,27,12,TE
00-0034386,Justin Watson,28,15,WR
00-0034393,Troy Fumagalli,25,9,TE
00-0034395,Daurice Fountain,25,13,WR
00-0034400,Jordan Wilkins,28,13,RB
00-0034401,Mike White,28,19,QB
00-0034406,Deon Cain,23,13,WR
00-0034407,Ray-Ray McCloud,27,27,WR
00-0034411,Russell Gage,26,29,WR
00-0034412,Luke Falk,25,24,QB
00-0034414,Boston Scott,28,25,RB
00-0034418,Cedrick Wilson,28,19,WR
00-0034419,Braxton Berrios,28,19,WR
00-0034420,Jordan Thomas,24,0,TE
00-0034426,Javon Wims,26,5,WR
00-0034427,David Williams,24,14,RB
00-0034432,Bo Scarbrough,23,10,RB
00-0034438,Logan Woodside,28,1,QB
00-0034439,Ryan Izzo,25,21,TE
00-0034440,Justin Jackson,27,10,RB
00-0034449,Buddy Howell,25,18,RB
00-0034457,Josh Adams,24,24,RB
00-0034487,Trent Sherfield,27,3,WR
00-0034489,Jalen Tolliver,23,0,WR
00-0034499,Jawill Davis,23,23,WR
00-0034509,Keith Ford,24,3,RB
00-0034510,Robert Foster,26,31,WR
00-0034512,Cam Phillips,23,3,WR
00-0034521,Allen Lazard,28,24,WR
00-0034532,Jordan Franks,22,6,TE
00-0034560,J.J. Jones,26,17,WR
00-0034565,Detrez Newsome,24,17,RB
00-0034575,David Wells,28,29,TE
00-0034577,Kyle Allen,26,12,QB
00-0034578,Reggie Bonnafon,26,31,RB
00-0034593,Chris Lacy,23,10,WR
00-0034597,Ryan Nall,26,5,RB
00-0034613,Tanner Hudson,29,6,TE
00-0034614,Godwin Igwebuike,28,28,RB
00-0034621,Shaun Wilson,23,29,RB
00-0034631,Vyncint Smith,25,24,WR
00-0034646,Brandon Powell,27,20,WR
00-0034652,Cameron Batson,26,30,WR
00-0034653,Deontay Burnett,22,25,WR
00-0034654,Dalyn Dawkins,25,30,RB
00-0034660,Rico Gafford,24,16,WR
00-0034672,Ethan Wolf,26,22,TE
00-0034676,James Washington,26,8,WR
00-0034679,Mark Walton,22,19,RB
00-0034681,Chase Edmonds,27,29,RB
00-0034686,Auden Tate,24,6,WR
00-0034710,Darvin Kidsy,23,31,WR
00-0034750,Rashaad Penny,27,25,RB
00-0034753,Mark Andrews,28,2,TE
00-0034764,Michael Gallup,27,8,WR
00-0034765,Tre'Quan Smith,26,22,WR
00-0034766,Christopher Herndon,25,20,TE
00-0034771,Mason Rudolph,28,26,QB
00-0034772,Antonio Callaway,23,19,WR
00-0034775,Christian Kirk,27,14,WR
00-0034777,D.J. Chark,27,4,WR
00-0034788,Jaeden Graham,25,1,TE
00-0034791,Nick Chubb,28,7,RB
00-0034796,Lamar Jackson,26,2,QB
00-0034798,Durham Smythe,28,19,TE
00-0034799,Kalen Ballage,26,26,RB
00-0034808,John Kelly,25,7,RB
00-0034816,Ronald Jones,25,15,RB
00-0034827,D.J. Moore,26,5,WR
00-0034829,Mike Gesicki,28,21,TE
00-0034830,Hayden Hurst,30,4,TE
00-0034837,Calvin Ridley,29,14,WR
00-0034838,Royce Freeman,27,18,RB
00-0034844,Saquon Barkley,26,23,RB
00-0034845,Sony Michel,27,17,RB
00-0034854,KhaDarel Hodge,28,1,WR
00-0034855,Baker Mayfield,28,29,QB
00-0034857,Josh Allen,27,3,QB
00-0034860,Dante Pettis,27,5,WR
00-0034867,Malik Turner,25,8,WR
00-0034869,Sam Darnold,26,27,QB
00-0034899,John Wolford,27,18,QB
00-0034922,Ishmael Hyman,24,29,WR
00-0034928,Steven Sims,25,26,WR
00-0034930,Trinity Benson,24,10,WR
00-0034955,Brett Rypien,27,18,QB
00-0034960,Jakobi Meyers,27,16,WR
00-0034970,Irv Smith,25,6,TE
00-0034972,Alexander Mattison,25,20,RB
00-0034975,Justice Hill,26,2,RB
00-0034981,Foster Moreau,26,22,TE
00-0034983,Hunter Renfrow,28,16,WR
00-0034988,Kaden Smith,24,23,TE
00-0034995,Dexter Williams,23,11,RB
00-0035006,Olabisi Johnson,23,20,WR
00-0035013,Jon Hilliman,24,23,RB
00-0035021,Ashton Dulin,25,13,WR
00-0035022,Penny Hart,26,28,WR
00-0035025,Hale Hentges,23,31,TE
00-0035039,Stephen Carlson,24,7,TE
00-0035040,David Blough,27,0,QB
00-0035045,D.J. Montgomery,27,13,WR
00-0035100,Jake Browning,27,6,QB
00-0035101,Davion Davis,25,12,WR
00-0035104,Alexander Hollins,23,20,WR
00-0035126,Antoine Wesley,24,0,WR
00-0035140,Mecole Hardman,25,24,WR
00-0035146,Trace McSorley,27,0,QB
00-0035148,Darwin Thompson,23,15,RB
00-0035164,Cody Thompson,27,28,WR
00-0035181,Darrius Shepherd,25,11,WR
00-0035184,Devine Ozigbo,24,14,RB
00-0035187,Austin Walter,25,24,RB
00-0035208,Olamide Zaccheaus,26,25,WR
00-0035215,Deonte Harty,26,3,WR
00-0035216,Diontae Johnson,27,26,WR
00-0035217,Benny Snell,24,26,RB
00-0035222,Zach Gentry,26,26,TE
00-0035228,Kyler Murray,26,0,QB
00-0035229,T.J. Hockenson,26,20,TE
00-0035232,Dwayne Haskins,23,31,QB
00-0035243,Miles Sanders,26,4,RB
00-0035246,J.J. Arcega-Whiteside,25,25,WR
00-0035249,Josh Oliver,26,20,TE
00-0035250,Devin Singletary,26,12,RB
00-0035251,Will Grier,24,4,QB
00-0035259,Trevon Wesco,28,30,TE
00-0035261,Tony Pollard,26,8,RB
00-0035264,Jarrett Stidham,27,9,QB
00-0035268,Ryquell Armstead,25,14,RB
00-0035273,Qadree Ollison,25,1,RB
00-0035275,Jordan Scarlett,24,4,RB
00-0035282,Easton Stick,28,17,QB
00-0035287,KeeSean Johnson,24,0,WR
00-0035289,Gardner Minshew,27,13,QB
00-0035291,Trayveon Williams,26,6,RB
00-0035297,Kelvin Harmon,23,31,WR
00-0035298,Scott Miller,26,1,WR
00-0035308,Tommy Sweeney,27,3,TE
00-0035311,Myles Gaskin,25,19,RB
00-0035313,Terry Godwin,24,14,WR
00-0035329,Donald Parham,26,17,TE
00-0035341,Trenton Irwin,28,6,WR
00-0035342,Patrick Laird,26,19,RB
00-0035345,Chris Myarick,27,23,TE
00-0035350,Preston Williams,24,19,WR
00-0035356,Tyree Jackson,24,25,TE
00-0035359,David Sills,26,23,WR
00-0035374,Michael Walker,23,14,WR
00-0035399,Stanley Morgan,25,6,WR
00-0035401,Damion Willis,22,6,WR
00-0035406,Lil'Jordan Humphrey,25,9,WR
00-0035414,Jalen Guyton,26,17,WR
00-0035428,Daniel Helm,26,16,TE
00-0035432,Jason Moore,27,17,WR
00-0035448,Damarea Crockett,24,9,RB
00-0035457,Tyron Johnson,26,16,WR
00-0035480,Malik Taylor,28,24,WR
00-0035489,Wes Hills,24,10,RB
00-0035500,Greg Dortch,25,0,WR
00-0035510,Jeff Smith,25,24,WR
00-0035527,Andy Isabella,26,0,WR
00-0035535,Darius Slayton,26,23,WR
00-0035537,Ty Johnson,26,3,RB
00-0035539,Isaac Nauta,23,10,TE
00-0035544,Tom Kennedy,26,10,WR
00-0035548,Ventell Bryant,23,8,WR
00-0035551,Tony Brooks-James,25,26,RB
00-0035553,Charles Jones,23,14,TE
00-0035562,Jesper Horsted,26,16,TE
00-0035567,Craig Reynolds,27,10,RB
00-0035572,Parker Hesse,27,1,TE
00-0035577,Devlin Hodges,23,26,QB
00-0035590,Riley Ridley,24,5,WR
00-0035592,Travis Fulgham,25,25,WR
00-0035593,Juwann Winfree,27,13,WR
00-0035594,Travis Homer,25,5,RB
00-0035596,Kerrith Whyte,23,26,RB
00-0035597,John Ursua,25,28,WR
00-0035603,Kendall Blanton,27,18,TE
00-0035624,N'Keal Harry,25,5,WR
00-0035628,D'Ernest Johnson,27,14,RB
00-0035631,Drew Sample,27,6,TE
00-0035639,Parris Campbell,26,23,WR
00-0035640,DK Metcalf,26,28,WR
00-0035644,Noah Fant,26,28,TE
00-0035645,Gunner Olszewski,27,26,WR
00-0035652,Ryan Finley,26,6,QB
00-0035657,Damien Harris,26,3,RB
00-0035659,Terry McLaurin,28,31,WR
00-0035660,Kahale Warring,23,12,TE
00-0035662,Marquise Brown,26,0,WR
00-0035664,Darrell Henderson,26,18,RB
00-0035671,Jace Sternberger,24,11,TE
00-0035676,A.J. Brown,26,25,WR
00-0035685,David Montgomery,26,10,RB
00-0035689,Dawson Knox,27,3,TE
00-0035700,Josh Jacobs,25,16,RB
00-0035703,Miles Boykin,27,26,WR
00-0035704,Drew Lock,27,28,QB
00-0035710,Daniel Jones,26,23,QB
00-0035715,Derrick Gore,29,31,RB
00-0035719,Deebo Samuel,27,27,WR
00-0035752,Chris Streveler,27,24,QB
00-0035771,Mitchell Wilcox,27,6,TE
00-0035806,Jamycal Hasty,27,14,RB
00-0035823,Ben Ellefson,26,20,TE
00-0035831,James Robinson,24,24,RB
00-0035835,Nathan Cottrell,25,14,RB
00-0035844,Kirk Merritt,24,19,WR
00-0035860,Tony Jones,26,22,RB
00-0035864,Kendall Hinton,25,9,WR
00-0035869,Austin Mack,23,23,WR
00-0035891,Cody White,23,26,WR
00-0035912,LeVante Bellamy,24,9,RB
00-0035924,Jonathan Ward,24,0,RB
00-0035934,Trishton Jackson,25,20,WR
00-0035939,Bryce Perkins,26,18,QB
00-0035956,Giovanni Ricci,27,4,TE
00-0035957,Rodney Smith,24,4,RB
00-0035973,Patrick Taylor,25,11,RB
00-0035993,Tyler Huntley,25,2,QB
00-0036005,Noah Togiai,23,13,TE
00-0036008,Hunter Bryant,22,10,TE
00-0036020,Salvon Ahmed,25,19,RB
00-0036032,Sean McKeon,25,8,TE
00-0036040,Juwan Johnson,27,22,TE
00-0036059,Tyler Mabry,26,28,TE
00-0036069,Scottie Phillips,24,12,RB
00-0036080,Easop Winston,25,22,WR
00-0036096,J.J. Taylor,24,21,RB
00-0036100,Isaiah Zuber,23,21,WR
00-0036110,Ja'Marcus Bradley,25,7,WR
00-0036133,James Proche,27,7,WR
00-0036139,Rico Dowdle,25,8,RB
00-0036142,Isaiah Wright,23,31,WR
00-0036145,Lawrence Cager,26,23,TE
00-0036158,J.K. Dobbins,25,2,RB
00-0036165,Isaiah Hodgins,25,23,WR
00-0036173,Tommy Hudson,24,30,TE
00-0036182,Nick Westbrook-Ikhine,26,30,WR
00-0036188,Antonio Williams,23,3,RB
00-0036194,Devin Asiasi,25,6,TE
00-0036196,Gabe Davis,24,3,WR
00-0036197,Jake Fromm,23,23,QB
00-0036208,Artavis Pierce,24,5,RB
00-0036212,Tua Tagovailoa,25,19,QB
00-0036219,Marquez Callaway,24,22,WR
00-0036223,Jonathan Taylor,24,13,RB
00-0036225,Dalton Keene,21,21,TE
00-0036228,Dezmon Patmon,24,13,WR
00-0036232,Harrison Bryant,25,7,TE
00-0036233,Donovan Peoples-Jones,24,7,WR
00-0036244,Colby Parkinson,24,28,TE
00-0036247,Freddie Swain,24,9,WR
00-0036250,Tyler Davis,25,11,TE
00-0036251,Zack Moss,26,13,RB
00-0036252,Michael Pittman,26,13,WR
00-0036254,Collin Johnson,26,5,WR
00-0036255,Denzel Mims,25,24,WR
00-0036259,Jauan Jennings,26,27,WR
00-0036261,Brandon Aiyuk,25,27,WR
00-0036264,Jordan Love,25,11,QB
00-0036265,A.J. Dillon,25,11,RB
00-0036268,Laviska Shenault,25,4,WR
00-0036269,La'Mical Perine,25,15,RB
00-0036271,Quez Watkins,25,25,WR
00-0036275,D'Andre Swift,24,25,RB
00-0036277,Quintez Cephus,24,10,WR
00-0036278,Jason Huntley,22,25,RB
00-0036290,Cole Kmet,24,5,TE
00-0036297,Darrynton Evans,25,5,RB
00-0036309,Darnell Mooney,26,5,WR
00-0036312,Jake Luton,24,14,QB
00-0036322,Justin Jefferson,24,20,WR
00-0036326,Chase Claypool,25,19,WR
00-0036328,Antonio Gibson,25,31,RB
00-0036331,Devin Duvernay,26,2,WR
00-0036332,Josiah Deguara,26,11,TE
00-0036336,Anthony McFarland,24,26,RB
00-0036340,Antonio Gandy-Golden,22,31,WR
00-0036345,K.J. Osborn,26,20,WR
00-0036355,Justin Herbert,25,17,QB
00-0036357,Henry Ruggs,22,16,WR
00-0036358,CeeDee Lamb,24,8,WR
00-0036360,Clyde Edwards-Helaire,24,15,RB
00-0036364,Lynn Bowden,26,22,WR
00-0036365,Bryan Edwards,24,1,WR
00-0036370,Joshua Kelley,26,17,RB
00-0036377,Joe Reed,22,17,WR
00-0036382,K.J. Hill,24,17,WR
00-0036383,Eno Benjamin,23,0,RB
00-0036384,Ben DiNucci,24,8,QB
00-0036387,Jalen Reagor,24,21,WR
00-0036389,Jalen Hurts,25,25,QB
00-0036398,John Hightower,24,25,WR
00-0036407,Jerry Jeudy,24,9,WR
00-0036410,Tee Higgins,24,6,WR
00-0036412,K.J. Hamler,23,9,WR
00-0036414,Cam Akers,24,20,RB
00-0036415,Van Jefferson,27,1,WR
00-0036422,Adam Trautman,26,9,TE
00-0036423,Albert Okwuegbunam,25,25,TE
00-0036424,Brycen Hopkins,26,18,TE
00-0036425,DeeJay Dallas,25,28,RB
00-0036427,Tyler Johnson,23,29,WR
00-0036429,Charlie Woerner,26,27,TE
00-0036438,Stephen Sullivan,27,4,TE
00-0036439,Tyrie Cleveland,25,9,WR
00-0036442,Joe Burrow,27,6,QB
00-0036450,Ke'Shawn Vaughn,26,29,RB
00-0036456,Dominique Dafney,24,11,TE
00-0036457,Ty'Son Williams,25,2,RB
00-0036482,Mike Strachan,26,4,WR
00-0036491,Tarik Black,23,24,WR
00-0036493,Deon Jackson,24,23,RB
00-0036497,Tim Jones,25,14,WR
00-0036510,Kenny Yeboah,25,24,TE
00-0036527,D.J. Turner,25,16,WR
00-0036534,Shane Zylstra,26,10,TE
00-0036550,Rashod Bateman,24,2,WR
00-0036554,Nico Collins,24,12,WR
00-0036555,Chuba Hubbard,24,4,RB
00-0036556,Brevin Jordan,23,12,TE
00-0036567,Elijah Mitchell,25,27,RB
00-0036569,Gary Brightwell,24,23,RB
00-0036572,Shi Smith,24,4,WR
00-0036590,Quintin Morris,24,3,TE
00-0036613,Jaylen Waddle,25,19,WR
00-0036620,D'Wayne Eskridge,26,28,WR
00-0036626,Dyami Brown,24,31,WR
00-0036627,Dez Fitzpatrick,24,30,WR
00-0036628,John Bates,26,31,TE
00-0036630,Tylan Wallace,24,2,WR
00-0036635,Ihmir Smith-Marsette,24,4,WR
00-0036637,Noah Gray,24,15,TE
00-0036646,Simi Fehoko,26,17,WR
00-0036650,Larry Rountree,23,17,RB
00-0036652,Racey McMath,23,30,WR
00-0036654,Demetric Felton,24,7,RB
00-0036657,Seth Williams,21,9,WR
00-0036669,Kylin Hill,24,11,RB
00-0036670,Jermar Jefferson,21,10,RB
00-0036671,Dax Milne,23,31,WR
00-0036698,Mekhi Sargent,24,30,RB
00-0036741,Jack Stoll,25,25,TE
00-0036754,Brock Wright,25,10,TE
00-0036755,Jaret Patterson,22,31,RB
00-0036825,Feleipe Franks,25,1,TE
00-0036829,Caleb Huntley,24,1,RB
00-0036841,Austin Trammell,25,18,WR
00-0036842,Kene Nwangwu,25,20,RB
00-0036849,Tutu Atwell,24,18,WR
00-0036857,Chris Evans,26,6,RB
00-0036860,Jake Funk,25,13,RB
00-0036862,Ben Skowronek,26,18,WR
00-0036875,Rhamondre Stevenson,25,21,RB
00-0036876,Kylen Granson,25,13,TE
00-0036877,Jaelon Darden,23,29,WR
00-0036879,Sam Ehlinger,24,13,QB
00-0036887,Luke Farrell,26,14,TE
00-0036893,Najee Harris,25,26,RB
00-0036894,Pat Freiermuth,25,26,TE
00-0036898,Davis Mills,25,12,QB
00-0036900,Ja'Marr Chase,23,6,WR
00-0036906,Khalil Herbert,25,5,RB
00-0036912,DeVonta Smith,25,25,WR
00-0036913,Kadarius Toney,24,15,WR
00-0036918,Jacob Harris,25,18,WR
00-0036919,Kenneth Gainwell,24,25,RB
00-0036924,Michael Carter,24,24,RB
00-0036928,Kyle Trask,25,29,QB
00-0036929,Ian Book,23,22,QB
00-0036936,Rondale Moore,23,0,WR
00-0036945,Justin Fields,24,5,QB
00-0036946,Kellen Mond,22,20,QB
00-0036950,Avery Williams,24,1,RB
00-0036951,Frank Darby,25,1,WR
00-0036955,Terrace Marshall,23,4,WR
00-0036959,Michael Bandy,25,17,WR
00-0036963,Amon-Ra St. Brown,24,10,WR
00-0036970,Kyle Pitts,23,1,TE
00-0036971,Trevor Lawrence,24,14,QB
00-0036972,Mac Jones,25,21,QB
00-0036973,Travis Etienne,24,14,RB
00-0036980,Elijah Moore,23,7,WR
00-0036984,Trey Sermon,24,13,RB
00-0036988,Josh Palmer,24,17,WR
00-0036991,Amari Rodgers,24,13,WR
00-0036997,Javonte Williams,23,9,RB
00-0036999,Anthony Schwartz,22,7,WR
00-0037004,Hunter Long,23,19,TE
00-0037005,Tommy Tremble,23,4,TE
00-0037011,Tre' McKitty,23,17,TE
00-0037012,Trey Lance,22,27,QB
00-0037013,Zach Wilson,24,24,QB
00-0037055,Lance McCutcheon,23,18,WR
00-0037077,Sam Howell,23,31,QB
00-0037078,Cole Turner,23,31,TE
00-0037085,Tyler Badie,22,9,RB
00-0037086,Grant Calcaterra,25,25,TE
00-0037087,Trestan Ebner,23,5,RB
00-0037091,Bo Melton,24,11,WR
00-0037093,Dareke Young,23,28,WR
00-0037098,Samori Toure,25,11,WR
00-0037112,Jake Tonges,23,5,TE
00-0037120,Tyler Goodson,23,13,RB
00-0037132,Britain Covey,26,25,WR
00-0037156,Irvin Charles,26,24,WR
00-0037157,Zonovan Knight,22,10,RB
00-0037168,Armani Rogers,25,31,TE
00-0037175,Anthony Brown,24,2,QB
00-0037197,Isiah Pacheco,24,15,RB
00-0037216,Justyn Ross,24,15,WR
00-0037228,Jaylen Warren,25,26,RB
00-0037238,Drake London,22,1,WR
00-0037239,Chris Olave,23,22,WR
00-0037240,Jameson Williams,22,10,WR
00-0037247,George Pickens,22,26,WR
00-0037248,James Cook,24,3,RB
00-0037252,Greg Dulcich,23,9,TE
00-0037256,Rachaad White,24,29,RB
00-0037257,David Bell,23,7,WR
00-0037258,Dameon Pierce,23,12,RB
00-0037261,Khalil Shakir,23,3,WR
00-0037263,Tyler Allgeier,23,1,RB
00-0037265,Snoop Conner,23,14,RB
00-0037267,Jerome Ford,24,7,RB
00-0037272,Montrell Washington,24,9,WR
00-0037273,Kyle Philips,24,30,WR
00-0037276,Ty Chandler,25,20,RB
00-0037277,Teagan Quitoriano,23,12,TE
00-0037282,James Mitchell,24,10,TE
00-0037286,Kevin Harris,23,21,RB
00-0037291,Jalen Nailor,24,20,WR
00-0037292,Andrew Ogletree,25,13,TE
00-0037299,Keaontay Ingram,24,0,RB
00-0037304,Connor Heyward,24,26,TE
00-0037306,John FitzPatrick,23,1,TE
00-0037311,Ko Kieft,25,29,TE
00-0037317,Nick Muse,25,20,TE
00-0037327,Skylar Thompson,25,19,QB
00-0037331,Zander Horvath,24,17,RB
00-0037355,Braylon Sanders,23,19,WR
00-0037382,Brandon Johnson,25,9,WR
00-0037387,Jalen Virgil,24,9,WR
00-0037410,Jashaun Corbin,23,23,RB
00-0037429,Raheem Blackshear,25,4,RB
00-0037475,Stone Smartt,25,17,TE
00-0037487,Deven Thompkins,24,29,WR
00-0037525,Jordan Mason,24,27,RB
00-0037539,Lucas Krull,25,9,TE
00-0037545,Rashid Shaheed,25,22,WR
00-0037557,Ronnie Rivers,24,18,RB
00-0037563,Malik Davis,24,8,RB
00-0037569,Peyton Hendershot,24,8,TE
00-0037570,Dennis Houston,23,8,WR
00-0037594,Julius Chestnut,22,30,RB
00-0037614,John Metchie,23,12,WR
00-0037617,Hassan Haskins,23,30,RB
00-0037664,Alec Pierce,23,13,WR
00-0037666,Jalen Tolbert,24,8,WR
00-0037740,Garrett Wilson,23,24,WR
00-0037741,Jahan Dotson,23,31,WR
00-0037742,Treylon Burks,23,30,WR
00-0037744,Trey McBride,24,0,TE
00-0037745,Velus Jones,26,5,WR
00-0037746,Brian Robinson,24,31,RB
00-0037755,Jelani Woods,24,13,TE
00-0037805,Jeremy Ruckert,23,24,TE
00-0037809,Chigoziem Okonkwo,24,30,TE
00-0037816,Romeo Doubs,23,11,WR
00-0037827,Tyrion Davis-Price,23,27,RB
00-0037828,Danny Gray,23,27,WR
00-0037834,Brock Purdy,24,27,QB
00-0037837,Calvin Austin,24,26,WR
00-0037838,Isaiah Likely,23,2,TE
00-0037840,Kyren Williams,23,18,RB
00-0038040,Zamir White,24,16,RB
00-0038041,Jake Ferguson,24,8,TE
00-0038045,Isaiah Spiller,22,17,RB
00-0038046,Charlie Kolar,24,2,TE
00-0038090,Skyy Moore,23,15,WR
00-0038092,Erik Ezukanma,23,19,WR
00-0038098,Pierre Strong,25,7,RB
00-0038102,Kenny Pickett,25,26,QB
00-0038104,Tyquan Thornton,23,21,WR
00-0038108,Bailey Zappe,24,21,QB
00-0038115,Daniel Bellinger,23,23,TE
00-0038117,Wan'Dale Robinson,22,23,WR
00-0038120,Breece Hall,22,24,RB
00-0038122,Desmond Ridder,24,1,QB
00-0038124,Christian Watson,24,11,WR
00-0038128,Malik Willis,24,30,QB
00-0038129,Cade Otton,24,29,TE
00-0038134,Kenneth Walker,23,28,RB
00-0038389,Israel Abanikanda,21,24,RB
00-0038391,Sean Clifford,25,11,QB
00-0038393,Dontayvion Wicks,22,11,WR
00-0038394,Will Mallory,24,13,TE
00-0038396,Eric Gray,24,23,RB
00-0038397,Evan Hull,23,13,RB
00-0038416,Tyson Bagent,23,5,QB
00-0038454,Keaton Mitchell,21,2,RB
00-0038465,Malik Heath,23,11,WR
00-0038476,Tommy DeVito,25,23,QB
00-0038492,Jason Brownlee,24,24,WR
00-0038496,Xavier Gipson,22,24,WR
00-0038542,Bijan Robinson,21,1,RB
00-0038543,Jaxon Smith-Njigba,21,28,WR
00-0038544,Quentin Johnston,22,17,WR
00-0038547,Luke Schoonmaker,25,8,TE
00-0038551,Kendre Miller,21,22,RB
00-0038555,Tank Bigsby,22,14,RB
00-0038558,Darnell Washington,22,26,TE
00-0038559,Michael Wilson,23,0,WR
00-0038563,Tre Tucker,22,16,WR
00-0038573,Derius Davis,23,17,WR
00-0038576,Charlie Jones,25,6,WR
00-0038579,Aidan O'Connell,25,16,QB
00-0038582,Clayton Tune,24,0,QB
00-0038583,Dorian Thompson-Robinson,24,7,QB
00-0038589,Josh Whyle,24,30,TE
00-0038597,Chase Brown,23,6,RB
00-0038598,Jaren Hall,25,20,QB
00-0038606,Parker Washington,21,14,WR
00-0038608,Kayshon Boutte,21,21,WR
00-0038611,Chris Rodriguez,23,31,RB
00-0038612,A.T. Perry,24,22,WR
00-0038618,Xavier Hutchinson,23,12,WR
00-0038619,Andrei Iosivas,24,6,WR
00-0038621,Demario Douglas,23,21,WR
00-0038622,Deuce Vaughn,22,8,RB
00-0038627,Antoine Green,24,10,WR
00-0038632,Colton Dowell,24,30,WR
00-0038640,Jalen Brooks,23,8,WR
00-0038647,Ronnie Bell,23,27,WR
00-0038667,Elijah Cooks,25,14,WR
00-0038705,Emari Demercado,24,0,RB
00-0038720,Julian Hill,23,19,TE
00-0038738,Hunter Luepke,23,8,RB
00-0038752,Jake Bobo,25,28,WR
00-0038783,Nate Adkins,24,9,TE
00-0038794,Jaleel McLaughlin,23,9,RB
00-0038797,Emanuel Wilson,24,11,RB
00-0038809,Ben Sims,23,11,TE
00-0038821,Rakim Jarrett,22,29,WR
00-0038862,Elijah Dotson,24,17,RB
00-0038933,Dalton Kincaid,24,3,TE
00-0038935,Brenton Strange,23,14,TE
00-0038938,Jalin Hyatt,22,23,WR
00-0038941,Tyler Scott,22,5,WR
00-0038951,Sean Tucker,22,29,RB
00-0038976,Marvin Mims,21,9,WR
00-0038977,Tank Dell,24,12,WR
00-0038979,Cedric Tillman,23,7,WR
00-0038994,Jordan Addison,21,20,WR
00-0038996,Tucker Kraft,23,11,TE
00-0038997,Josh Downs,22,13,WR
00-0039021,Roschon Johnson,22,5,RB
00-0039032,Tyjae Spears,22,30,RB
00-0039040,Devon Achane,22,19,RB
00-0039041,Elijah Higgins,23,0,TE
00-0039050,Payne Durham,23,29,TE
00-0039052,Trey Palmer,22,29,WR
00-0039062,Jonathan Mingo,22,4,WR
00-0039064,Zay Flowers,23,2,WR
00-0039065,Sam LaPorta,22,10,TE
00-0039066,Michael Mayer,22,16,TE
00-0039067,Rashee Rice,23,15,WR
00-0039074,Davis Allen,22,18,TE
00-0039075,Puka Nacua,22,18,WR
00-0039136,Zach Evans,22,18,RB
00-0039139,Jahmyr Gibbs,21,10,RB
00-0039144,Luke Musgrave,23,11,TE
00-0039146,Jayden Reed,23,11,WR
00-0039150,Bryce Young,22,4,QB
00-0039152,Will Levis,24,30,QB
00-0039163,C.J. Stroud,22,12,QB
00-0039164,Anthony Richardson,21,13,QB
00-0039165,Zach Charbonnet,22,28,RB
